<?xml version="1.0" encoding="UTF-8"?>
<beans
xmlns="http://www.springframework.org/schema/beans"
xmlns:xsi="http://www.w3.org/2001/XMLSchema-instance"
xmlns:p="http://www.springframework.org/scheme/p"
xsi:schemaLocation="http://www.springframework.org/schema/beans
http://www.springframework.org/schema/beans/spring-beans-3.0.xsd">


<bean id="userBean" class="com.example.User">
<constructor-arg value="john" type="String"></constructor-arg>
<constructor-arg value="john123" type="String"></constructor-arg>
</bean>
<bean id="userBean1" class="com.example.User">
<constructor-arg value="jimmy" type="String"></constructor-arg>
<constructor-arg value="jimmy123" type="String"></constructor-arg>
</bean>
</beans>
