<?xml version="1.0" encoding="UTF-8"?>
<beans
xmlns="http://www.springframework.org/schema/beans"
xmlns:xsi="http://www.w3.org/2001/XMLSchema-instance"
xmlns:p="http://www.springframework.org/scheme/p"
xsi:schemaLocation="http://www.springframework.org/schema/beans
http://www.springframework.org/schema/beans/spring-beans-3.0.xsd">


<bean id="passBean" class="com.example1.Passenger">
<constructor-arg value="john" type="String"></constructor-arg>
<constructor-arg value="12" type="int"></constructor-arg>
<constructor-arg value="Male" type="String"></constructor-arg>

</bean>
<bean id="passBean1" class="com.example1.Passenger">
<constructor-arg value="jimmy" type="String"></constructor-arg>
<constructor-arg value="23" type="int"></constructor-arg>
<constructor-arg value="Male" type="String"></constructor-arg>

</bean>
</beans>
