<?xml version="1.0" encoding="UTF-8"?>
<beans
xmlns="http://www.springframework.org/schema/beans"
xmlns:xsi="http://www.w3.org/2001/XMLSchema-instance"
xmlns:p="http://www.springframework.org/scheme/p"
xsi:schemaLocation="http://www.springframework.org/schema/beans
http://www.springframework.org/schema/beans/spring-beans-3.0.xsd">
<bean id="trainBean" class="com.train.Train">

<property name="trainno">
<value>1004</value>
</property>

<property name="ticketprice">
<value>650</value>
</property>

<property name="sourcename">
<value>Chennai</value>
</property>

<property name="destination">
<value>Banglore</value>
</property>

</bean>
</beans>